"","order_lc","fom_2","fom_4","fom_8","iter"
"1","222,213,221,512,212,243,223,2,244,242,241,211,231,3,321,1",0.130120481927711,0.381974248927039,0.983644859813083,1
