"","order_lc","fom_2","fom_4","fom_8","iter"
"1","3,223,1,213,512,2,243,222,244,212,211,241,221,242,321,231",0.124815361890694,0.266749379652605,0.983644859813083,1
