"","order_lc","fom_2","fom_4","fom_8","iter"
"1","321,223,241,212,242,1,231,512,221,244,2,3,211,222,243,213",0.0591449402350918,0.0621728154479826,0.104655447733694,1
"2","2,1,211,221,223,213,212,222,3,243,244,241,512,242,321,231",0.0483311776963426,0.0128632135063742,0.00380005546026888,2
"3","231,3,222,1,212,213,211,221,243,244,241,2,223,512,242,321",0.000476902044320097,0.00068356503008481,0.0218151407749592,3
"4","244,211,243,3,1,241,212,512,222,2,213,221,223,231,321,242",0.000636157608047394,0.000318413029461165,0,4
"5","321,242,3,231,223,2,1,244,512,221,241,213,212,243,222,211",0.00164956011730205,0.000271684845579128,0,5
