"","elasticity","fom_2","fom_4","fom_8","iter"
"1","0.23,0.13,0.35,0.29,0.33,0.33,0.19,0.24,0.38,0.98,0.12,0.38,0.2,0.98,0.51,0.98",0.103956885548149,0.24398073836276,0.897734231475812,1
