"","order_lc","fom_2","fom_4","fom_8","iter"
"1","241,243,2,213,231,223,211,244,212,242,1,222,221,512,3,321",0.109717868338559,0.164179104477612,0.983471074380166,1
"2","2,231,223,222,321,241,221,1,3,211,512,242,244,212,213,243",0.111481975967957,0.223194748358862,0.983471074380166,2
"3","221,3,243,242,1,213,244,231,512,212,241,223,222,2,321,211",0.118429385687144,0.210945273631842,0.983471074380166,3
"4","321,222,211,512,231,244,213,2,3,223,1,243,242,212,221,241",0.118105126541207,0.219672131147541,0.983471074380166,4
"5","221,321,223,211,213,231,512,3,1,212,222,243,244,241,2,242",0.123146357188911,0.202716823406479,0.983471074380166,5
"6","231,211,212,3,1,222,213,321,223,244,242,241,512,243,2,221",0.122783978988838,0.21511017838405,0.983471074380166,6
"7","2,213,212,3,221,244,321,1,222,242,211,231,243,223,512,241",0.116263440860214,0.223311546840959,0.983471074380166,7
"8","244,1,2,3,212,213,211,243,222,321,221,242,223,231,241,512",0.116447368421053,0.23326359832636,0.983471074380166,8
"9","2,243,321,212,241,1,242,231,211,512,244,3,221,223,213,222",0.106734434561627,0.184158415841585,0.983471074380166,9
"10","222,3,243,244,1,211,512,242,231,2,221,321,212,213,223,241",0.121292023731048,0.218461538461539,0.983471074380166,10
